fiscal_quarter,management_sentiment,guidance_tone,confidence,emphasis_ngs_arr,emphasis_platformization,emphasis_cyberark,emphasis_margin,key_quote,revenue_surprise_pct,source
FY2021Q3,positive,raising,confident,0,2,0,1,"We are pleased to be raising our guidance for fiscal year 2021 as we see these trends continuing into our fiscal fourth quarter, bolstering our confidence in our pipeline.",,claude-sonnet-4-6
FY2021Q4,positive,raising,confident,0,2,0,2,"Our strong Q4 performance was the culmination of executing on our strategy throughout the year, including product innovation, platform integration, business model transformation and investments in our go-to-market organization.",4.21,claude-sonnet-4-6
FY2022Q1,positive,raising,confident,2,0,0,2,"Q1 was a strong start to fiscal year 2022, driven by strength in both our product and Next-Generation Security businesses, giving us confidence to raise our revenue and billings guidance for the year.",3.95,claude-sonnet-4-6
FY2022Q2,positive,raising,confident,2,1,0,1,"On the back of this strength, notably in our next-generation security offerings, we are raising our guidance for the year across revenue, billings, and earnings per share.",3.29,claude-sonnet-4-6
FY2022Q3,positive,raising,confident,0,0,0,2,"We are again raising our guidance for the year across revenue, billings and earnings per share.",2.34,claude-sonnet-4-6
FY2022Q4,positive,raising,confident,2,2,0,3,"Our focus on maximizing total shareholder return in any environment was exhibited by strong revenue and billings growth, paired with non-GAAP operating margin and non-GAAP adjusted free cash flow margin expansion in fiscal year 2022.",0.68,claude-sonnet-4-6
FY2023Q1,positive,raising,confident,0,2,0,2,We are focused on expanding the breadth of our offerings and our pace of innovation to continue to drive share gains in the cybersecurity market.,1.19,claude-sonnet-4-6
FY2023Q2,positive,raising,confident,2,1,0,3,"Our focus on driving profitable growth is reflected in our Q2 results. As a result, we are raising our cash flow margin and operating profitability targets as we remain focused on driving efficiency in our business.",0.61,claude-sonnet-4-6
FY2023Q3,positive,raising,confident,0,2,0,3,"We continued to demonstrate our commitment to profitable growth in Q3, we are raising our cash flow margin and operating margin guidance for FY'23 as we balance driving efficiency goals while investing for medium-term growth.",0.64,claude-sonnet-4-6
FY2023Q4,positive,raising,confident,2,3,0,2,"The changing environment drove more customers towards platformization, driving continued consolidation, to deliver superior security outcomes.",0.07,claude-sonnet-4-6
FY2024Q1,positive,raising,confident,2,2,0,2,"Our record cash flow generation and strong Q1 non-GAAP operating margin, illustrate our commitment to driving profitable growth.",2.35,claude-sonnet-4-6
FY2024Q2,cautious,lowering,balanced,0,3,0,2,"We are activating our accelerated platformization and consolidation strategy, as well as our AI leadership strategy.",0.26,claude-sonnet-4-6
FY2024Q3,positive,holding,confident,0,3,0,2,"We are pleased with the enthusiastic response to platformization from our customers in Q3. Platformization is a long-term strategy that addresses the increasing sophistication and volume of threats, and the need for AI-infused security outcomes.",1.01,claude-sonnet-4-6
FY2024Q4,positive,raising,confident,3,3,1,2,"We finished off the year with strong execution on our platformization strategy in Q4. As we look forward to fiscal year 2025 and beyond, we are focused on scaling our Next-Generation Security business through continued innovation and execution.",1.37,claude-sonnet-4-6
FY2025Q1,positive,raising,confident,3,3,0,1,We see a growing market realization that platformization is the game changer that will solve security and enable better AI outcomes.,1.13,claude-sonnet-4-6
FY2025Q2,positive,raising,confident,3,3,0,2,We are raising operating margins and EPS for the year.,1.0,claude-sonnet-4-6
FY2025Q3,positive,holding,confident,3,3,0,1,Our scale and platform breadth makes us a leading consolidator of choice in cybersecurity.,0.62,claude-sonnet-4-6
FY2025Q4,positive,raising,confident,3,3,1,2,"We exited fiscal year 2025 with an acceleration in RPO, and surpassed the $10 billion revenue run-rate milestone, positioning ourselves well for sustained growth ahead.",1.45,claude-sonnet-4-6
FY2026Q1,positive,raising,confident,3,2,2,2,"Our strong start to the fiscal year was marked by excellent results across all metrics, and significant platformization wins.",0.57,claude-sonnet-4-6
FY2026Q2,positive,raising,confident,3,3,2,2,"We saw continued strength in platformizations, a trend that is accelerating due to AI - customers are keen to both modernize and normalize their cybersecurity stack, aligning them to our approach.",0.54,claude-sonnet-4-6
FY2026Q3,positive,raising,confident,3,2,3,2,"Q3 was a standout quarter for Palo Alto Networks, with accelerating organic bookings growth as customers turn to us to secure their AI deployments at scale.",2.0,claude-sonnet-4-6
